Price,Close,High,Low,Open,Volume,SMA,EMA,Daily Return,Volatility
Ticker,AAPL,AAPL,AAPL,AAPL,AAPL,,,,
Date,,,,,,,,,
2023-01-03,123.6325454711914,129.3955343973308,122.74288784071354,128.78266500655258,112117500,,123.6325454711914,,
2023-01-04,124.90771484375,127.18128340928531,123.64242739714908,125.43162222007305,89113600,,123.75399017333984,0.010314188450125661,
2023-01-05,123.58309936523438,126.30149268134268,123.32609306355886,125.66884902202133,80962700,,123.73771485828219,-0.010604753118513277,
2023-01-06,128.13023376464844,128.79253144434853,123.45460129199294,124.5617315121944,87754700,,124.15604999222184,0.036794144367390924,
2023-01-09,128.6541290283203,131.87667022454877,128.39712274020837,128.9704583829939,70790800,,124.58443847185026,0.004088771621490794,
2023-01-10,129.22744750976562,129.75135473588205,126.64744500156075,128.76284825892097,63896200,,125.02662980879458,0.00445627735211751,
2023-01-11,131.9557342529297,131.9754935222946,128.96056085226581,129.74147432770857,69458900,,125.68654451775983,0.021112285321257973,
2023-01-12,131.8766632080078,132.71688473025435,129.92930408672314,132.34126249583184,71379600,,126.27607963111677,-0.0005992240153074313,
2023-01-13,133.21116638183594,133.36933108444634,130.14680445669435,130.51254713349172,57809700,,126.93656408356622,0.010119327721563875,
2023-01-17,134.3776092529297,135.7120843078782,132.58841445883436,133.2803661632613,63646600,,127.64523505207703,0.0087563445526051,
2023-01-18,133.65599060058594,137.01690717262807,133.47805156045354,135.24748690824802,69672800,,128.2176879614588,-0.005370081045165009,
2023-01-19,133.7152862548828,134.6840184578663,132.23252641864943,132.5389610381249,58280400,,128.74126875130872,0.00044364382045603,
2023-01-20,136.28538513183594,136.4336701555814,132.67734247187641,133.72515693933153,80223600,,129.45975602564465,0.01922068111236075,
2023-01-23,139.48817443847656,141.67278077878365,136.31506144495467,136.5325341153351,81760300,,130.4148434935334,0.023500607226096815,
2023-01-24,140.891845703125,141.51460969317372,138.68748018952127,138.6973598255773,66435100,,131.41265322778023,0.010063012655367132,
2023-01-25,140.2295684814453,140.79300948686725,137.21461987031523,139.2707157250627,65799300,,132.252359442415,-0.00470060718116494,
2023-01-26,142.305419921875,142.59208020551668,140.26908361074402,141.52449124388164,54105100,,133.20979377379214,0.014803236313918777,
2023-01-27,144.25277709960938,145.53783884062292,141.43554202324185,141.51462437013356,70555800,,134.261506471489,0.013684350032510784,
2023-01-30,141.35647583007812,143.87717124792727,141.20820583984698,143.2939558417953,64015300,,134.93721783897368,-0.020077958482083824,
2023-01-31,142.6316375732422,142.6810659292456,140.64474436260411,141.05991540288298,65874500,134.21844520568848,135.67001971842782,0.009020893706326527,
2023-02-01,143.75851440429688,144.92496009089808,139.69576656602072,142.31530314667881,77663600,135.22474365234376,136.44035254565344,0.00790060922126079,0.012757870685104122
2023-02-02,149.0865936279297,149.44244157391893,146.46704171932092,147.18864741549214,118339000,136.43368759155274,137.64475645825118,0.0370627036994029,0.014354415638358766
2023-02-03,152.72425842285156,155.57116204732878,146.13092169771272,146.32861998643196,154357300,137.8907455444336,139.08089950249882,0.024399677438470935,0.013969165570017626
2023-02-06,149.986083984375,151.34034811867096,149.0470058450741,150.81644089095323,69858300,138.98353805541993,140.11948850077275,-0.017928876962658435,0.013955391236909349
2023-02-07,152.87252807617188,153.44586367074996,148.90862234047623,148.90862234047623,83322600,140.1944580078125,141.33406369842982,0.01924474601322057,0.014142199923076278
2023-02-08,150.17391967773438,152.80335083301824,149.43253973358082,152.11139923515765,64120100,141.24178161621094,142.17595474407787,-0.017652670708061202,0.015311684710559218
2023-02-09,149.135986328125,152.55622581029445,148.69116137357645,152.0125441621068,56007100,142.1007942199707,142.8388148949395,-0.006911541976374669,0.015297148489595166
2023-02-10,149.50228881835938,149.82899586326752,147.73016708482578,147.96777632833437,57450700,142.9820755004883,143.47343145907473,0.0024561643319838122,0.015240308898277667
2023-02-13,152.31398010253906,152.71987521484465,149.41322512989285,149.44292440380676,62199000,143.93721618652344,144.31538847273802,0.018807011627733683,0.015473866376183386
2023-02-14,151.67042541503906,152.2347417014366,149.35379194828116,150.60120648274088,61707600,144.8018569946289,145.0158681815286,-0.004225184628927403,0.01566022261479418
2023-02-15,153.7791748046875,153.94747569846558,151.3536388197947,151.58133825179516,65573800,145.808016204834,145.85046881230562,0.0139034975597776,0.015503841193058853
2023-02-16,152.17535400390625,154.76919088525318,151.8189476677602,151.97733873436857,68167900,146.73101959228515,146.4528388305533,-0.010429375777430416,0.01593601692196407
2023-02-17,151.0269317626953,151.47243590583543,149.34390771836374,150.8289315997935,59144100,147.4680969238281,146.88846672885253,-0.007546703266952504,0.015944932214967053
2023-02-21,146.99757385253906,149.78942626925934,146.92828058675818,148.7004026088836,58867200,147.84356689453125,146.89885788348934,-0.0266797309799518,0.016847568673796463
2023-02-22,147.4232635498047,148.45287338487984,145.6907358158214,147.383654456277,51011300,148.17013778686524,146.9488012802813,0.002895896075758797,0.016760043484004894
2023-02-23,147.9083709716797,148.83898834448985,145.7699480861059,148.591484366889,48394200,148.55407791137696,147.04018886993828,0.0032905757896963816,0.016676871410745208
2023-02-24,145.2452392578125,145.720442659753,144.26511807901926,145.64123957502227,55469600,148.70106887817383,146.86924128783107,-0.018005280542080393,0.017043692550916895
2023-02-27,146.44317626953125,147.68069636554856,145.97786750491304,146.23528135301038,44998500,148.81058883666992,146.82866366704062,0.008247685210476252,0.016875963156553538
2023-02-28,145.93824768066406,147.59157242356576,145.36403664496177,145.58184135182967,50547000,149.03967742919923,146.74386214452858,-0.0034479489022953835,0.01618404917978675
2023-03-01,143.85922241210938,145.76005131760687,143.56221459109048,145.3640509605452,55479000,149.10105667114257,146.46913455096484,-0.01424592457149354,0.01646541984267542
2023-03-02,144.4532470703125,145.24526294031543,142.4633051197938,142.9385237056633,52238100,149.13579330444335,146.27714526709318,0.004129208042717103,0.016398347317442996
2023-03-03,149.52212524414062,149.60132834219667,145.85906882111533,146.56197176838737,70732300,149.1575698852539,146.58619097919293,0.035090095076650396,0.0161703740192871
2023-03-06,152.29415893554688,154.73949959731118,151.92785785960842,152.25454983701871,87558000,149.13606491088868,147.12980697503616,0.018539287659803172,0.01575794229979723
2023-03-07,150.08644104003906,152.49217281957698,149.62113228238874,152.16546570634722,56182000,149.14108276367188,147.41139117170312,-0.014496405580742944,0.01557024021184186
2023-03-08,151.34375,151.93776567756532,150.31413994619248,151.2843514535327,47204800,149.06464385986328,147.78590153630282,0.008377232155338588,0.01504965173750348
2023-03-09,149.08648681640625,152.99704649679572,148.73008049756518,152.02683517023416,53833600,149.01027221679686,147.90976680107457,-0.014914809389841022,0.014896082723135307
2023-03-10,147.0173797607422,149.43302127956616,146.1362661024609,148.7103138108838,68572400,148.90434188842772,147.82477755913814,-0.013878568741190311,0.015139337523667805
2023-03-13,148.9676971435547,151.6110378452132,146.2253488070177,146.33425116280637,84457100,148.8776123046875,147.9336270433683,0.013265896766671226,0.015444324081376984
2023-03-14,151.06654357910156,151.86845415267095,148.60141331315802,149.76962498664284,73695900,148.81524047851562,148.23200004677147,0.014089272209963033,0.015174567395813287
2023-03-15,151.4625244140625,151.71992308668965,148.42316862217967,149.6804929323757,77167900,148.8048454284668,148.53966903413252,0.0026212344942782018,0.015158623648156871
2023-03-16,154.2939910888672,154.89790141964556,150.1260173130943,150.64082983435895,76161100,148.8305862426758,149.08769970601202,0.01869417326667633,0.015424732660000403
2023-03-17,153.4524688720703,155.17510202547024,152.7396561952458,154.52168788730708,98944600,148.894441986084,149.50339200754138,-0.005454018078462908,0.015282390596889177
2023-03-20,155.82850646972656,156.24432646768744,152.6109545912959,153.5217825705538,73641400,149.13452072143554,150.10578386108284,0.01548386686197345,0.01550790771110551
2023-03-21,157.6897430419922,157.80854012474336,154.97709383642948,155.7493201936468,73938300,149.66912918090821,150.8280656878361,0.011944134063989198,0.014134485787276043
2023-03-22,156.25421142578125,160.52117754091816,156.2344068779623,157.70953600837723,75701800,150.11067657470704,151.3448414724023,-0.009103519281077554,0.014418272637869059
2023-03-23,157.34323120117188,159.9370833205621,156.10571123599644,157.24423866782476,67622100,150.58241958618163,151.91611668466606,0.006969538711651957,0.014445465475082991
2023-03-24,158.65005493164062,158.73915274100096,156.27402271003157,157.27393337455686,59196500,151.25266036987304,152.55744413675887,0.008305560528357958,0.013585590955150247
2023-03-27,156.69972229003906,159.1648674270664,156.29381212775743,158.34315238139064,52390300,151.76548767089844,152.95194681802366,-0.012293299504005373,0.014056491621344978
2023-03-28,156.0760040283203,156.9076288835252,154.42267925169685,156.3928163743877,45992200,152.27237548828126,153.24947607614715,-0.003980340568595864,0.014070806291052054
2023-03-29,159.16485595703125,159.44205919265104,157.75903523168998,157.778824672489,51305700,153.03765716552735,153.8128455886123,0.019790690746736894,0.013873918473253364
2023-03-30,160.73899841308594,160.84790077737682,159.659884598305,159.9172833200629,49501700,153.85194473266603,154.47247919094312,0.009890012758090538,0.013911165097152966
2023-03-31,163.25363159179688,163.35263923391068,160.29349343380431,160.8182007028279,68749800,154.53852005004882,155.30877941959588,0.015644200869340708,0.012318690376041679
2023-04-03,164.5109405517578,164.62973762588464,162.5804125649775,162.62991638134497,56976200,155.14935913085938,156.185175717897,0.007701568091941446,0.011898650772867463
2023-04-04,163.97634887695312,165.17425973324032,163.46153634610226,164.9366655701128,46278300,155.84385452270507,156.9271922092357,-0.003249581292354864,0.011228736328456765
2023-04-05,162.125,163.40212898364032,160.1845772758085,163.0952264685397,51511700,156.38291702270507,157.42222152264185,-0.01129034089143166,0.011721273600856896
2023-04-06,163.01605224609375,163.3130600930005,160.38260583340545,160.8083054990294,45390100,157.07939529418945,157.95496730582775,0.005496081702968336,0.010891678930205316
2023-04-10,160.4122772216797,160.4122772216797,158.48174921205518,159.80836691031573,47716900,157.74914016723633,158.18899682162316,-0.015972506931301034,0.011086294613553102
2023-04-11,159.19454956054688,160.73897184874764,158.9074365082997,160.7290771287002,47644200,158.26048278808594,158.2847637491397,-0.007591237293202879,0.011191631971624837
2023-04-12,158.5015869140625,160.4420100503803,158.18477450444897,159.61040013481554,50133100,158.632234954834,158.30541357437045,-0.004352929471500677,0.011021700962004444
2023-04-13,163.9070281982422,164.1446374499689,159.8083630212289,160.01627300479524,68445600,159.25446014404298,158.83890068140585,0.03410338905382981,0.01309807932225946
2023-04-14,163.56053161621094,164.6594498569072,162.18441013519882,162.9467114928456,49386500,159.71778717041016,159.28857981805393,-0.002113982456030894,0.012692677882867159
2023-04-17,163.580322265625,163.73872843453088,162.39230621171848,163.4417206444433,41516200,160.22417984008788,159.69731719401307,0.00012099893060080191,0.01255782852280506
2023-04-18,164.80796813964844,165.73858561594125,163.99614775175192,164.44166704612937,49923000,160.67315292358398,160.18404585550215,0.007504850565277499,0.012273068283036396
2023-04-19,165.95639038085938,166.48109766330478,163.8872454167369,164.14465925023921,47720200,161.08648529052735,160.73379295315522,0.006968244643595245,0.01212916226942765
2023-04-20,164.98617553710938,166.19399637675156,163.9070616233715,164.431768943132,52456400,161.52308349609376,161.13878177067468,-0.0058462035810938895,0.011984358557783797
2023-04-21,163.3724365234375,164.78815208279067,162.8477292777316,163.40213579346278,58337300,161.82454376220704,161.35151079474733,-0.009781055948587025,0.012259075758913085
2023-04-24,163.67933654785156,163.94664508043508,162.25371118266517,163.35262947612597,41949600,162.07600784301758,161.57320848551916,0.0018785300075392364,0.012167677709743956
2023-04-25,162.13491821289062,164.64955210777222,162.09530911482935,163.5407390651718,48714100,162.34776763916017,161.62670465003072,-0.009435634133997284,0.012011330554289107
2023-04-26,162.125,163.6298284131595,161.1745931859106,161.43199188421733,45498800,162.65021743774415,161.67416135002782,-6.117259008697751e-05,0.011944288962756495
2023-04-27,166.7285919189453,166.87708827078586,163.54073931024718,163.54073931024718,64902300,163.02840423583984,162.1555356899247,0.028395324095267904,0.012747899953734461
2023-04-28,167.9859161376953,168.1542321598927,166.2038993325892,166.80780972743617,55209200,163.3907501220703,162.7108100182838,0.007541143389258931,0.012685937772045304
2023-05-01,167.8968048095703,168.74821914844807,166.95629265889536,167.5899022757501,52472900,163.62290878295897,163.20471428412063,-0.0005304690427259118,0.012298993842796745
2023-05-02,166.85731506347656,168.6492569821299,165.86729891472663,168.39184311532847,48425700,163.74022750854493,163.55258102501168,-0.006191241979099926,0.01232107636455853
2023-05-03,165.77818298339844,169.21353985292495,165.4910849784499,167.80771888799373,65136000,163.8303192138672,163.7645431162866,-0.006467394490122236,0.012397233372486015
2023-05-04,164.13473510742188,165.3722550253471,162.66951575440282,163.24372680909343,81235400,163.9308059692383,163.7997994963947,-0.009913535342229829,0.012331270483551903
2023-05-05,171.83706665039062,172.55977402605672,169.055109287866,169.27291399392053,113316400,164.37185668945312,164.56525351106097,0.04692688319707461,0.01608901549076023
2023-05-08,171.76776123046875,172.1142728432519,170.39163971305302,170.75794076749395,55962800,164.93963088989258,165.25120662719505,-0.00040332054819625096,0.015500899457893434
2023-05-09,170.05503845214844,171.80735575023974,169.8867375588741,171.32225761857964,45326900,165.48265533447267,165.70871442004776,-0.00997115387690406,0.015599648805503222
2023-05-10,171.82717895507812,172.29248769554175,170.1837487273319,171.29257694818676,53724500,166.14893493652343,166.2914253281459,0.01042098204828168,0.015562025563365483
2023-05-11,172.0152587890625,172.8468685009711,170.45103188917147,172.11426641943214,49514700,166.55434646606446,166.83655232442368,0.0010945872191356898,0.013878203969154087
2023-05-12,171.0833740234375,172.5605284867848,169.52689179090092,172.1243165202818,45497800,166.93048858642578,167.24101153385357,-0.005417454080441475,0.013955536562755038
2023-05-15,170.58766174316406,171.71784028672823,169.99282456135643,171.6682680003546,37266700,167.28085556030274,167.55974012521648,-0.002897489502431294,0.013997076225979855
2023-05-16,170.58766174316406,171.6484360603376,170.31998349861684,170.50834911043384,42110300,167.56984024047853,167.84811361264008,0.0,0.013947623568649146
2023-05-17,171.20233154296875,171.4402543357864,168.9518826544196,170.23077817517168,57951600,167.83213729858397,168.16756293933807,0.0036032488723019007,0.013902417103387965
2023-05-18,173.5419921875,173.73035780662187,171.09326939359272,171.50964938607018,65496700,168.25992813110352,168.67941334392492,0.013666055966907509,0.014032914491636427
2023-05-19,173.65106201171875,174.8704617599002,173.43295602393476,174.8704617599002,55772400,168.77385940551758,169.15290369323864,0.0006284924060391273,0.013738600847350676
2023-05-22,172.69931030273438,173.20492646986477,171.95577135327312,172.48120433403864,43570900,169.22485809326173,169.4906567036668,-0.005480828610884947,0.01387216473764294
2023-05-23,170.08206176757812,171.88639029719062,169.80447509030535,171.6385439691014,50747300,169.6222152709961,169.5469809954679,-0.015154944918820634,0.014192388555643861
2023-05-24,170.35963439941406,170.93463964845503,169.05101376120967,169.61609547644804,45143500,170.0339469909668,169.6243765577485,0.0016319923979710715,0.014181419276042197
2023-05-25,171.49974060058594,172.4018896852921,170.21093674442764,170.92473533776644,56058300,170.27250442504882,169.80298265706634,0.00669234942415331,0.012871452241356078
2023-05-26,173.91873168945312,174.25581421879875,171.61872545109665,171.826923039006,54835000,170.56914520263672,170.19495875538888,0.014104925642429267,0.013115261757326477
2023-05-30,175.77261352539062,177.44805707235744,175.04890650518007,175.4355461600694,55964400,170.96293563842772,170.72616397157952,0.010659471915007712,0.013247855442671074
2023-05-31,175.72305297851562,177.80496826079084,175.23726871202743,175.80236562165695,99625300,171.40622253417968,171.2020581627163,-0.00028195829760391256,0.013111911134317497
2023-06-01,178.53857421875,178.56831456742498,175.4057930547119,176.16916396782793,68901800,172.04424209594725,171.90077397757665,0.016022492168848324,0.013250496261648505
2023-06-02,179.3911895751953,180.21404129298273,177.71574578706654,179.47050222445276,61945900,172.80706481933595,172.61414689163556,0.0047755246180059,0.012851666283616253
2023-06-05,178.03297424316406,183.35670847100744,176.50623240767692,181.05670243794387,121946500,173.11686019897462,173.13022568701922,-0.0075712488180024184,0.008393893799502485
2023-06-06,177.66616821289062,178.56831734898336,175.90148844243106,178.41961560329207,64848400,173.4117805480957,173.5622202132927,-0.0020603263627582136,0.008424969135493919
2023-06-07,176.2881317138672,179.64892709288569,175.7924390908418,176.90278572567038,61944600,173.72343521118165,173.82183083239502,-0.007756324757182798,0.008276409208350356
2023-06-08,179.0144500732422,179.28211321134853,175.93124119908015,176.36743802214428,50214900,174.08279876708986,174.31636599819,0.015465127078435836,0.00862151367039329
2023-06-09,179.40109252929688,180.6601409825454,179.0739335613958,179.93643394119178,48870700,174.45209045410155,174.80062566781922,0.0021598393643444957,0.008618355206736778
2023-06-12,182.2067108154297,182.30585540353945,179.41101193334958,179.7084305703386,54274900,175.00825729370118,175.5059671104488,0.015638802677161223,0.00892719802141763
2023-06-13,181.73086547851562,182.56362563080822,180.868364972737,181.22526434191118,54929100,175.56541748046874,176.09881457407423,-0.0026115686671720484,0.008917155896542586
2023-06-14,182.36532592773438,182.8015378873281,180.45195952819037,181.79032062893717,57462900,176.15430068969727,176.69562517918473,0.0034912090884955393,0.00888519559540489
2023-06-15,184.4075927734375,184.91320900884034,182.19680756750913,182.3752648056927,65433200,176.8145637512207,177.43009828339927,0.01119876728382252,0.009055876369841833
2023-06-16,183.3269805908203,185.37915556544473,182.68258615200966,185.12138568804832,101235600,177.3038131713867,177.9917061222013,-0.0058599115490045595,0.008984060375495116
2023-06-20,183.41619873046875,184.4968202621219,182.82137659501507,182.82137659501507,49799100,177.7920700073242,178.50832446584582,0.0004866612615388455,0.008985907653516988
2023-06-21,182.37525939941406,183.8127651610623,181.01705115534045,183.30714894064778,49515700,178.2758674621582,178.87660398332852,-0.005675285706822186,0.008995413731644463
2023-06-22,185.38905334472656,185.43862563579464,182.0877384404729,182.15714267343606,51245300,179.0412170410156,179.49683725584262,0.016525234591782567,0.008445782862376102
2023-06-23,185.07180786132812,185.94423180057566,183.41619616013958,183.95155271461957,53079300,179.77682571411134,180.02778683731742,-0.0017112417247663325,0.008535060509392066
2023-06-26,183.67396545410156,186.43001547826037,183.63430156934749,185.22052415803645,48088700,180.38553695678712,180.37504194367781,-0.007552973212829661,0.0089013128101328
2023-06-27,186.43994140625,186.7671004131867,184.0705308354124,184.28863684003687,50730800,181.01159744262696,180.95265141630375,0.01505916173427213,0.008963642990354905
2023-06-28,187.6196746826172,188.26406909954764,185.9838949305078,186.31103877905792,51216800,181.60395050048828,181.5876060130955,0.0063276852989164745,0.008833442630835048
2023-06-29,187.9567413330078,188.43261718372244,187.31234691859044,187.45114025988062,46347300,182.21563491821288,182.1941903292776,0.001796542132166179,0.008801207864324917
2023-06-30,192.29901123046875,192.8046122965116,189.61235036422667,189.9791732182635,85069600,182.90365676879884,183.15655422462913,0.023102496173668108,0.009453525545905273
2023-07-03,190.80203247070312,192.20979786240994,190.1080506189076,192.11065327577057,31458200,183.4741989135742,183.88469500996953,-0.007784640961941869,0.009793684052368527
2023-07-05,189.6817626953125,191.31754248795588,188.97787243386384,189.91970062749374,46920300,184.05663833618163,184.43679669428792,-0.005871372337517666,0.009702849927860347
2023-07-06,190.15762329101562,190.365820872437,187.57010689891024,188.204592923582,45094300,184.68121109008788,184.98163732254773,0.0025087314085514567,0.009625502187765426
2023-07-07,189.03736877441406,191.01023124936708,188.60117188700468,189.76109103858747,46778000,185.31867294311525,185.36789746082073,-0.005891189094676119,0.009519701121063356
2023-07-10,186.98519897460938,188.35331565327752,185.42871665150543,187.62959342704087,59922200,185.7172103881836,185.52192617641964,-0.010855894858828763,0.009603366360425263
2023-07-11,186.4597625732422,187.66925393721883,184.99251645839882,187.53046059023825,46638100,186.07014389038085,185.61124392849797,-0.002810042742680041,0.009669189456635587
2023-07-12,188.1352081298828,190.04857465553215,186.84640410814296,188.04597194874682,60750200,186.3665687561035,185.851621471487,0.008985560924880565,0.009281032956371112
2023-07-13,188.89857482910156,189.54298444064506,188.14512734155142,188.85892606758472,41342300,186.7249542236328,186.1418075055455,0.004057543012851328,0.009239845276786148
2023-07-14,189.04727172851562,189.53304086059518,187.99640569502964,188.59122781892412,41573900,187.05905151367188,186.41851838392358,0.000787178513911968,0.009236295186722617
2023-07-17,192.31884765625,192.64600663390738,190.15761974766676,190.24684079775338,50520200,187.4546142578125,186.98045450509753,0.01730559715472957,0.009653451186982904
2023-07-18,192.0610809326172,192.65591819761897,190.76236853561463,191.6843647836334,48353800,187.89131927490234,187.46432368867085,-0.0013403092144850248,0.009507966801356517
2023-07-19,193.4192657470703,196.52229125160747,190.99035981508428,191.43649527350667,80507300,188.39147262573243,188.03146102756602,0.007071629545444713,0.009553133761947627
2023-07-20,191.4662322998047,194.77745530266796,190.84165477071602,193.4093388588882,59581200,188.84602127075195,188.35858210111257,-0.010097409064821705,0.009805075632332419
2023-07-21,190.28651428222656,193.29041080540085,189.5826239989074,192.42791035637276,71917800,189.09089431762695,188.5421946897901,-0.0061614938749663395,0.009398630779341935
2023-07-24,191.0895233154297,193.230919269526,190.5938306479448,191.7438412670713,45377800,189.39178009033202,188.7847974160415,0.004219999700095123,0.009390649938289525
2023-07-25,191.9520263671875,192.7649696142135,191.25805964859208,191.66453127210508,37283200,189.80568313598633,189.0864382685316,0.00451360721819416,0.009153371608698613
2023-07-26,192.82444763183594,193.95462630849192,191.6546201978147,192.0015959886147,47471900,190.12490844726562,189.44243916027486,0.004544996378311517,0.008667800260868429
2023-07-27,191.55548095703125,195.50119046422063,190.89125457942112,194.33136299756583,47460200,190.32169876098632,189.64368123615643,-0.006580942875187401,0.008786471707668955
2023-07-28,194.14300537109375,194.93611671931453,192.46756161890426,192.99299467254062,48291400,190.63101196289062,190.07218829662665,0.013507963338532214,0.009216801059669958
2023-07-31,194.7576446533203,194.7973085377491,193.57789369266726,194.37100498050742,38824100,190.7539436340332,190.51842223535937,0.0031659100004746143,0.007734668038314174
2023-08-01,193.9248809814453,195.0352276872512,193.59772201405482,194.54945856713078,35175100,190.91008605957032,190.84284687784373,-0.004275897222711711,0.007571017439010289
2023-08-02,190.92100524902344,193.49859825449514,190.19729813092133,193.3598049013339,50389300,190.97204818725587,190.8502905322418,-0.015489893391809173,0.008290983270660008
2023-08-03,189.52313232421875,190.71279169853844,189.04727159995883,189.91969553388512,61235200,190.94032363891603,190.7238945124301,-0.007321734572795724,0.008446718428184383
2023-08-04,180.42221069335938,185.7657766923876,180.3528064633521,183.92179948550063,115799700,190.5095657348633,189.7427817677567,-0.04802010983699001,0.013624378169795287
2023-08-07,177.30926513671875,181.55239296699656,175.8221872019764,180.5610076771683,97576100,190.02576904296876,188.55863732670545,-0.01725367151127144,0.01390945162242815
2023-08-08,178.25108337402344,178.71703568412062,176.05020675575068,178.14203038384454,67823000,189.6153350830078,187.57696552168812,0.005311726020512664,0.014019874142786186
2023-08-09,176.6549530029297,179.3713391045639,175.48511045638642,179.31185840559957,60378500,189.04132232666015,186.53677385323493,-0.008954393661353532,0.013842463986861103
2023-08-10,176.4368438720703,179.1928938087059,176.07003615011226,177.93383023619305,54686900,188.4182357788086,185.57487575979067,-0.001234661848715679,0.013749708423502208
2023-08-11,176.4964141845703,177.32037701982404,175.26544597344693,176.02984778529373,51988100,187.79069290161132,184.71026037167445,0.00033762966505568315,0.01374301506271996
2023-08-14,178.15428161621094,178.38260392804418,176.01991561712387,176.67511718788185,43675600,187.08246459960938,184.0858814425827,0.009393207444469143,0.01322147535351912
2023-08-15,176.1588897705078,178.17411849604412,175.7618061867858,177.5784931204611,43622600,186.2873550415039,183.33092985476603,-0.011200358630738427,0.013311080570310486
2023-08-16,175.28529357910156,177.24094603057796,175.2157956243564,175.84121662599503,46964900,185.38065643310546,182.56467878089322,-0.004959137699745542,0.013042787589406319
2023-08-17,172.73399353027344,176.218449670705,172.21777275650916,175.85114660071363,66062900,184.4440444946289,181.62842304273897,-0.014555128937139172,0.013174998321260307
2023-08-18,173.22042846679688,173.82599075554495,170.70883778094841,171.04636032936088,61114200,183.59074020385742,180.82766165455402,0.0028160926901639183,0.013287612543859679
2023-08-21,174.56060791015625,174.8485063914746,172.47589631953025,173.79622123414413,46311900,182.76429443359376,180.2307993931828,0.007736844061762893,0.013432974843941538
2023-08-22,175.94049072265625,176.38721354501158,174.96762533098521,175.77172944077836,42084200,181.96371765136718,179.82219856741835,0.007904892340946823,0.013572437325039427
2023-08-23,179.8021697998047,180.22904900558675,177.03247644679308,177.2210964343875,52722800,181.31260375976564,179.82029106574086,0.021948779733914625,0.014679219126428873
2023-08-24,175.0966796875,179.78233860000068,174.72936147404116,179.355459364837,54945800,180.48966369628906,179.37042331543222,-0.026170374459573376,0.01553237218094468
2023-08-25,177.31045532226562,177.84651968096887,174.54076169805765,176.08940889849805,51449600,179.64803619384764,179.1742358875116,0.012643161701961558,0.015481114832247397
2023-08-28,178.8789520263672,179.27603559399373,177.25088516267095,178.77967356057698,43820700,178.8541015625,179.14611361502168,0.008846047466579465,0.01567823768179213
2023-08-29,182.78036499023438,183.55468861261488,178.19398428109324,178.3925260808221,53003900,178.29687576293946,179.49223279361337,0.021810352306246283,0.016715770731043144
2023-08-30,186.28465270996094,186.48320962835405,183.39583737964136,183.59437915026834,60813900,178.06505813598633,180.13912992850362,0.01917212343849828,0.017124950329518985
2023-08-31,186.5030517578125,187.7439567493299,186.1158900063697,186.47327124983738,60794500,177.914054107666,180.74521772177116,0.0011723942078663008,0.01706743188189006
2023-09-01,188.08152770996094,188.53817234491697,186.91010531378714,188.11130822320726,45732600,178.2970199584961,181.44391391112256,0.008463539536061937,0.013009499659161114
2023-09-05,188.31976318359375,188.59772472633045,186.24497340110617,186.91009674606673,45280000,178.84754486083983,182.09875669897696,0.0012666606685596271,0.01218799667796402
2023-09-06,181.57916259765625,187.47594597496703,180.14963751857883,187.02920802693,81755800,179.0139488220215,182.0492715464702,-0.03579337862360232,0.014946729222598622
2023-09-07,176.26806640625,176.91334607803304,172.27731178924952,173.90537850075847,112488800,178.9946044921875,181.49868058073497,-0.029249480587013155,0.016289072482676997
2023-09-08,176.88357543945312,178.9285998393183,176.4964136407334,177.05235186894313,65551300,179.01694107055664,181.05914675775574,0.0034918918993787074,0.016304230343589236
2023-09-11,178.0549774169922,178.98814040153138,176.0496706936909,178.7598181226865,58953100,179.09486923217773,180.77303539196873,0.0066224462877846335,0.016366378323159
2023-09-12,175.01727294921875,178.81940831086655,173.54804542949864,178.18406545251986,90370200,178.93801879882812,180.22486754027824,-0.01706048610289257,0.016681536137656237
2023-09-13,172.94244384765625,176.0099571796133,172.71410643559972,175.2256967861003,84267900,178.77719650268554,179.53130337907615,-0.011854996176088872,0.016703738521772232
2023-09-14,174.46133422851562,174.81871550108795,172.3170465930817,172.73398888645488,60895800,178.73599853515626,179.04844917426087,0.00878263511875299,0.016805423243138204
2023-09-15,173.73660278320312,175.2157668346055,172.5552740765424,175.19590811540314,109205100,178.78612899780273,178.54255904177916,-0.0041541092673476054,0.016492589993959087
2023-09-18,176.67510986328125,178.07485448429676,174.8882034479176,175.19594549627539,67257600,178.95886306762696,178.36470673906507,0.016913575107399437,0.016896701291634092
2023-09-19,177.76710510253906,178.32302815377042,175.84121799808253,176.22837977645918,51826900,179.1191879272461,178.30779229749118,0.006180809736599846,0.01686821096208664
2023-09-20,174.21315002441406,178.3925098170354,174.1237933470795,177.95570880879336,58436200,179.03282089233397,177.91782636672193,-0.019992197522005095,0.017415796272579134
2023-09-21,172.66448974609375,175.01725608596104,172.59500693822505,173.27998896827123,63047900,178.67593688964843,177.41750859332876,-0.00888945684125042,0.01668776360047619
2023-09-22,173.51821899414062,175.7915654067452,172.7836129384518,173.39909696300535,56725400,178.59701385498047,177.04614767912037,0.004944440222203861,0.01572780044107317
2023-09-25,174.79884338378906,175.6823671360894,172.88287819083024,172.93251742028295,46172700,178.47143325805663,176.83211869861265,0.007380345401607036,0.01554218003637318
2023-09-26,170.70884704589844,173.92526351342306,170.4110267791137,173.54803864674588,64588900,178.06292800903321,176.24894996978273,-0.023398303207937232,0.01617071614669313
2023-09-27,169.18994140625,171.78095161168793,167.81999260813018,171.36400935593267,66921800,177.38340682983397,175.57666343992247,-0.008897638675048003,0.015198639731559712
2023-09-28,169.44808959960938,170.77833634094375,166.4004191519846,168.1079059220852,56294400,176.5415786743164,174.99298974084502,0.0015257892473614643,0.01428284358885274
2023-09-29,169.96429443359375,171.81076180692196,169.10061419351356,170.76839850543928,51814200,175.71464080810546,174.51406637824965,0.003046389222824075,0.014328966189569173
2023-10-02,172.48580932617188,173.03181060107437,169.6863201427267,169.97421860938772,52164500,174.93485488891602,174.32089903995652,0.014835556497210689,0.014699220035709462
2023-10-03,171.14561462402344,172.36667607241205,169.5771240058018,171.0066338674304,49594600,174.0761474609375,174.01849100034386,-0.007769883837887903,0.014660689304997983
2023-10-04,172.39645385742188,172.9424550881848,169.72602386786275,169.84514590084152,53020300,173.61701202392578,173.86401127244653,0.007308625676131442,0.012907440563688203
2023-10-05,173.63735961914062,174.17342391765436,171.42357417816774,172.5254984313363,48527900,173.4854766845703,173.84242540070312,0.007197977301464764,0.011421094642140944
2023-10-06,176.19857788085938,176.69493985175257,171.91992496763731,172.53542411202523,57224100,173.45122680664062,174.0668208750037,0.01475038705573839,0.011905220444569979
2023-10-09,177.68768310546875,177.74724412480685,174.52089096334598,175.52353680032698,42390800,173.43286209106446,174.41166489695277,0.008451289689842323,0.011966650634952622
2023-10-10,177.09202575683594,178.41235043494368,176.65522479291874,176.80414247485348,43698000,173.5365997314453,174.6669373597988,-0.003352271458676448,0.011314997383897313
2023-10-11,178.4917755126953,178.54141474149296,176.30778577549145,176.90341107776567,47551100,173.81406631469727,175.03120766007464,0.007904081224873183,0.011024523256394313
2023-10-12,179.39517211914062,181.01330204161414,177.73730960362397,178.75982932462722,56743100,174.0607582092285,175.44682332284285,0.005061278615501541,0.010928585743243105
2023-10-13,177.5487060546875,180.60628286156256,176.84386529966793,180.09999903884182,51427100,174.25136337280273,175.64700263063756,-0.010292729969493486,0.011177693791662894
2023-10-16,177.4196319580078,177.77701319881453,175.22570528432323,175.46396449411634,52517000,174.28858947753906,175.81582447133948,-0.0007269785263314121,0.010546106894564566
2023-10-17,175.86105346679688,177.12181720914745,173.52816111664285,175.3646914585386,57549400,174.19328689575195,175.8201319947164,-0.008784701411058249,0.010634700855486625
2023-10-18,174.56060791015625,176.2879533547619,173.8359235344459,174.3025050887744,54764400,174.21065979003907,175.70017731999638,-0.007394733120293484,0.009755205673005172
2023-10-19,174.18338012695312,176.54605322348112,173.91534037415258,174.75914678442408,59302900,174.28660430908204,175.55572044446845,-0.0021610132304149543,0.009540908504977838
2023-10-20,171.62216186523438,174.14367462886938,171.38390260775535,174.03447436266262,64189300,174.19180145263672,175.18109581787473,-0.014704148351306623,0.010054923859740513
2023-10-23,171.7412567138672,172.7439025281915,168.69358667928853,169.66646713238327,55980100,174.03892211914064,174.85349209368354,0.0006939363036710944,0.009888868784384764
2023-10-24,172.17807006835938,172.4063923696406,170.20254365913797,171.7909082758531,43816600,174.11238327026368,174.59868999603364,0.0025434386754252802,0.00835616911617226
2023-10-25,169.8551025390625,171.80083332633419,169.4083645680371,170.62942613878033,57157000,174.1456413269043,174.1469197620364,-0.013491657377589394,0.008683710382034767
2023-10-26,165.6757049560547,170.13304109397222,164.46458048468762,169.13038017633548,70625300,173.95702209472657,173.34013739956194,-0.024605664007336214,0.010295181208874613
2023-10-27,166.99606323242188,167.7306845808466,165.6161772243234,165.6955969766749,58499100,173.80861053466796,172.7359398598343,0.007969534680521972,0.010456490650629723
2023-10-30,169.05096435546875,169.92456632823416,167.6412980843576,167.79021577395145,51131000,173.63686828613282,172.3849898117995,0.012305087217456823,0.010270639321845257
2023-10-31,169.52749633789062,169.6565401685357,166.67836791176023,168.11782995408234,44846000,173.55596237182618,172.11284757618913,0.002818865803213333,0.010173303519676455
2023-11-01,172.70420837402344,172.9623111800798,168.88221462983017,169.75581666227828,56934900,173.57135009765625,172.16916765217334,0.01873862414508376,0.010923995811523148
2023-11-02,176.27801513671875,176.48647870246754,174.18336680542194,174.2429278242073,77334800,173.70338287353516,172.5604864602253,0.020693223380843007,0.011766793402719678
2023-11-03,175.36471557617188,175.53349201222565,172.0887379893404,172.9722618796391,79763700,173.66168975830078,172.82755589983924,-0.005181017949620892,0.011362023981711758
2023-11-06,177.92593383789062,178.1244756256995,174.92791800211177,175.09667927913767,63841300,173.67360229492186,173.3131157034632,0.014605094606994884,0.011686633435237905
2023-11-07,180.49710083007812,181.1125849169399,177.66783112206795,177.87629469765844,70530000,173.84385604858397,173.99730476314085,0.01445077137844386,0.012078718532337615
2023-11-08,181.55931091308594,182.11523398810698,180.26876654734838,181.023246561535,49340300,173.99723281860352,174.71749582504037,0.005884914927291707,0.012026494206667036
2023-11-09,181.08282470703125,182.78037460393284,180.48718412874734,181.62882604582998,53763500,174.08161544799805,175.32371762332522,-0.0026244107430148933,0.012010019650824832
2023-11-10,185.28753662109375,185.45653538852346,182.4346699752206,182.87204642986097,66133400,174.46855697631835,176.27265276596984,0.023219827285471117,0.012735478497073092
2023-11-13,183.6970977783203,184.9197527658604,183.1106225987718,184.71101456121173,43627500,174.78243026733398,176.97974276714606,-0.008583625600386835,0.012950278388848407
2023-11-14,186.3213653564453,186.98736499365313,185.18816945365924,186.57980822279126,60108400,175.3054458618164,177.8694211089841,0.014285841256413745,0.012983445254117895
2023-11-15,186.88792419433594,188.3690371233907,186.65930111391893,186.72889062449767,53790500,175.92181167602538,178.72832616473193,0.0030407615187166837,0.012752489688211972
2023-11-16,188.57781982421875,189.82035984023278,187.52413314974999,188.43865594913416,54412900,176.64153366088868,179.66637317992115,0.00904229439739268,0.01273702015600263
2023-11-17,188.55792236328125,189.24380683321974,187.44461143684416,189.11457782649978,50922700,177.48832168579102,180.5131873878602,-0.00010551326214314205,0.01200251665193596
2023-11-20,190.30740356445312,190.76466491067268,188.7467813740569,188.75671623264228,46505100,178.4166290283203,181.44596988086906,0.009278216365798064,0.01200200669879172
2023-11-21,189.50225830078125,190.37701130719432,188.60763557529475,190.26766718139268,38134500,179.2828384399414,182.2132354446702,-0.00423076164453684,0.01217567762528879
2023-11-22,190.1682586669922,191.77858564632436,189.69112755602794,190.3471923134316,39617700,180.2984962463379,182.97085670393898,0.0035144719233575206,0.01139421414017946
2023-11-24,188.8362274169922,189.76066973573458,188.12052328802685,189.73084999433786,24048300,181.45652236938477,183.52946343851548,-0.007004487811672844,0.009440410638591678
2023-11-27,188.6573028564453,189.53205575999598,187.77261509452617,188.78653185384877,40552600,182.53958435058593,184.01782909736596,-0.0009475118360194879,0.009582122321367416
2023-11-28,189.263671875,189.9396214691522,188.26963995303524,188.64737693705334,38415400,183.5502197265625,184.51743317142635,0.0032141295850927065,0.00949046247107848
2023-11-29,188.2398223876953,190.9435904601538,187.84221568139642,189.76069003248776,43014200,184.48583602905273,184.87194643011864,-0.00540964611518735,0.009795640371971486
2023-11-30,188.8163604736328,189.1841625986753,187.06686975200412,188.70701635554832,48794400,185.29144363403321,185.24760491045333,0.0030627849018582953,0.009276661479176442
2023-12-01,190.0986785888672,190.41676093068807,188.1006646303825,189.19410585978827,45679300,185.98247680664062,185.70961192744514,0.006791350664835161,0.008487528624942571
2023-12-04,188.29945373535156,188.91576382150808,186.33127483914026,188.84617430866663,43389500,186.62921371459962,185.95626352819815,-0.00946468890195118,0.008775655620830292
2023-12-05,192.26565551757812,193.23980256929687,189.0449865799245,189.07482149235318,66628400,187.346199798584,186.5571580033772,0.02106326759609689,0.009304741044863696
2023-12-06,191.17222595214844,193.5976510937421,190.9634725753497,193.28950362567244,41089700,187.8799560546875,186.99668828421255,-0.005687076885812936,0.00919457818771539
2023-12-07,193.11058044433594,193.8362194805571,192.43463086867496,192.4744006383907,47477700,188.45751953125,187.5789637280338,0.010139310156239256,0.009315276884998685
2023-12-08,194.5419921875,194.8203199094653,192.5141585929263,193.04099429291227,53377300,189.13047790527344,188.242109295602,0.007412394183013982,0.009259156369988603
2023-12-11,192.027099609375,192.33526227849603,190.2776087030193,191.95752525473316,60943700,189.4674560546875,188.6025845635804,-0.012927247993333668,0.008748146899617892
2023-12-12,193.54795837402344,193.5578932326663,190.57579752571402,191.92768151957463,52696900,189.95999908447266,189.07357254552736,0.007920021537284105,0.008489277026422779
2023-12-13,196.778564453125,196.8183190559037,193.68712459255818,193.925682544677,70404200,190.48285903930665,189.8073812986319,0.016691501714828583,0.008677779188605959
2023-12-14,196.92767333984375,198.4286561477334,194.9893140401918,196.83821410318075,66831600,190.98484649658204,190.48550435017586,0.0007577496417516816,0.008689034062557412
2023-12-15,196.3909149169922,197.21594815206504,195.82430938091503,196.3511451419736,128256700,191.3755012512207,191.04792440415835,-0.0027256627458613902,0.00863203681467818
2023-12-18,194.72091674804688,195.45650584640038,193.22986883323685,194.91972010314345,55751900,191.68365097045898,191.39773319881442,-0.008503439019321046,0.008941975012994678
2023-12-19,195.76466369628906,195.77459855586707,194.72092706706565,194.98931995291727,40714100,191.95651397705078,191.81363134143106,0.005360219978795211,0.008807909907755382
2023-12-20,193.667236328125,196.50021813416774,193.667236328125,195.72487446786357,52242800,192.16476287841797,191.9901651496876,-0.010714024321662241,0.009141042088063604
2023-12-21,193.51812744140625,195.90381315665195,192.34517705306277,194.92966611931476,46482500,192.33225631713867,192.13568536794654,-0.0007699231400509765,0.009132349428148234
2023-12-22,192.44459533691406,194.24379077463595,191.8183503425399,194.01515250091973,37122800,192.51267471313477,192.16510536499106,-0.005547449836797558,0.009071473822568767
2023-12-26,191.8978729248047,192.73285613100865,191.67918468017166,192.45452839560733,28919300,192.67470321655273,192.1396546564019,-0.002840934094055614,0.009102538879312784
2023-12-27,191.9972686767578,192.34518593287333,189.94956524818429,191.34121910492223,48087700,192.81138305664064,192.126094086912,0.000517961718064841,0.009086275185902406
2023-12-28,192.42469787597656,193.49825415286705,192.01714115491455,192.98135331561093,34049900,193.0206268310547,192.1545325430134,0.002226225415416616,0.008973275065739195
2023-12-29,191.38096618652344,193.23980104114617,190.58573760932344,192.7427850763616,42628800,193.14885711669922,192.08085955668102,-0.005424104602860469,0.00907753352874832
